R,G,B,H,S,V,brightness,std_dev,max,min,range,label
148.08062222222222,167.49306666666666,147.78364444444446,61.84808888888889,34.94768888888889,167.59382222222223,159.45413333333335,11.189796275774341,186.0,135.0,51.0,silver
152.2395111111111,170.33,156.1784888888889,65.77244444444445,30.361555555555558,170.91604444444445,163.3252,10.353647798615606,189.0,140.0,49.0,silver
145.2816,163.76302222222222,151.64453333333333,68.28373333333333,31.38115555555556,164.5428888888889,156.86422222222222,10.72143895584686,184.0,132.0,52.0,silver
147.80586666666667,164.81142222222223,153.21457777777778,67.00755555555556,29.33408888888889,165.55884444444445,158.41195555555555,9.765773756579218,184.0,136.0,48.0,silver
146.17426666666668,163.8341777777778,151.51475555555555,67.30746666666667,30.26346666666667,164.51102222222224,157.15693333333334,9.811614134732821,182.0,135.0,47.0,silver
148.69217777777777,166.47346666666667,152.3568888888889,65.2132888888889,30.018933333333333,166.83182222222223,159.55337777777777,9.943571666132154,189.0,138.0,51.0,silver
147.03155555555557,164.7844888888889,150.43244444444446,64.78448888888889,30.26488888888889,165.12511111111112,157.84497777777779,10.585099133507104,188.0,135.0,53.0,silver
147.68213333333335,166.03893333333335,150.84404444444445,64.50297777777779,30.88497777777778,166.3229777777778,158.8324888888889,10.973004552835254,191.0,136.0,55.0,silver
146.32808888888889,165.4363111111111,150.77826666666667,66.09675555555556,32.21848888888889,165.9924,158.06186666666667,9.83274321754729,191.0,136.0,55.0,silver
148.114,167.11595555555556,152.7206666666667,66.41026666666667,32.02204444444445,167.83133333333333,159.80128888888888,8.928651914227146,189.0,138.0,51.0,silver
149.48013333333333,168.5244,153.2667111111111,65.64453333333334,31.927644444444446,169.01302222222222,161.0944,8.692340164126625,192.0,141.0,51.0,silver
150.60324444444444,169.91857777777778,153.73595555555556,64.89880000000001,32.76524444444445,170.40613333333334,162.28924444444445,8.749678336069925,197.0,144.0,53.0,silver
149.6050666666667,168.27386666666666,152.71311111111112,65.33911111111111,31.55137777777778,168.6112888888889,160.9183111111111,8.561832243735948,192.0,144.0,48.0,silver
147.65844444444446,166.1675111111111,151.71884444444444,66.3120888888889,31.515955555555557,166.54080000000002,158.98728888888888,8.435123300481207,194.0,142.0,52.0,silver
120.89177777777779,139.95724444444446,125.57422222222223,67.43515555555555,36.675155555555556,139.96017777777777,132.62444444444444,9.673038257745208,172.0,112.0,60.0,silver
128.9589777777778,145.25737777777778,132.16595555555557,65.34791111111112,31.283822222222224,145.25737777777778,138.90457777777777,8.939784060252833,172.0,122.0,50.0,silver
139.36284444444445,156.32631111111112,142.1288,64.90217777777778,30.551422222222225,156.32662222222223,149.62897777777778,10.763392085085629,189.0,128.0,61.0,silver
143.94346666666667,161.92004444444444,148.03204444444444,66.89493333333334,30.793155555555558,161.9248888888889,154.94937777777778,9.065709119261534,186.0,139.0,47.0,silver
143.71431111111113,161.93035555555556,147.98942222222223,67.84333333333333,30.82497777777778,161.93435555555556,154.8943111111111,9.939185461422037,187.0,137.0,50.0,silver
141.24995555555557,160.11235555555555,146.12635555555556,68.47146666666667,32.01844444444445,160.11235555555555,152.88422222222223,10.978215598556764,187.0,134.0,53.0,silver
138.4677777777778,156.54853333333335,142.99644444444445,67.96893333333334,31.674666666666667,156.54871111111112,149.60084444444445,10.658505594553855,189.0,132.0,57.0,silver
139.88302222222222,158.2404888888889,144.86053333333334,68.65155555555556,31.625777777777778,158.24071111111112,151.22324444444445,10.54569663292,186.0,134.0,52.0,silver
140.6284,158.9549777777778,145.98475555555555,69.3236,31.31848888888889,158.95595555555556,151.99195555555556,10.22079697687363,186.0,134.0,52.0,silver
140.30973333333333,158.7456888888889,145.79337777777778,69.31977777777779,31.58226666666667,158.76097777777778,151.75235555555557,9.777634626830892,185.0,132.0,53.0,silver
139.25386666666668,157.85533333333333,144.48435555555557,68.96520000000001,32.04897777777778,157.8572888888889,150.77884444444445,10.319029950006726,184.0,132.0,52.0,silver
139.24200000000002,157.32746666666668,143.47795555555555,67.7392,31.602400000000003,157.32746666666668,150.3532,11.049167127184042,190.0,133.0,57.0,silver
139.13417777777778,157.14884444444445,143.35022222222224,67.75466666666667,31.632800000000003,157.14884444444445,150.18053333333333,10.469296216609363,184.0,132.0,52.0,silver
136.57733333333334,155.50217777777777,140.93684444444446,67.69862222222223,33.38448888888889,155.50217777777777,148.18195555555556,11.215701442284791,189.0,130.0,59.0,silver
137.4665777777778,155.81626666666668,141.14906666666667,66.83795555555555,32.50546666666667,155.81626666666668,148.6604,12.168089627108003,189.0,129.0,60.0,silver
137.15897777777778,154.92048888888888,140.4815111111111,66.33626666666667,31.88137777777778,154.92048888888888,147.96675555555555,11.765454391103466,189.0,129.0,60.0,silver
154.95786666666666,159.44026666666667,167.42795555555557,109.6648888888889,23.297822222222223,167.63271111111112,159.0204,6.455101811401239,184.0,145.0,39.0,silver
136.43542222222223,142.33564444444445,112.61768888888889,35.72595555555556,59.30768888888889,143.79871111111112,137.19026666666667,8.107934298917051,163.0,115.0,48.0,silver
63.54528888888889,72.46666666666667,55.826,46.867022222222225,56.80093333333333,72.46666666666667,67.90035555555555,28.42251110741903,167.0,30.0,137.0,silver
225.83355555555556,225.47253333333333,223.35982222222222,106.14137777777778,21.912000000000003,232.59164444444446,225.3436,37.91557676288496,255.0,127.0,128.0,silver
157.6464888888889,170.11440000000002,157.24137777777779,59.68355555555556,24.718622222222223,170.11475555555558,164.94404444444444,41.86370931803214,209.0,59.0,150.0,silver
96.85551111111111,103.7184,85.1288888888889,45.18546666666667,55.41768888888889,105.1192,99.55817777777777,23.277591365745238,155.0,60.0,95.0,silver
94.4852,104.04111111111112,75.1208,39.470933333333335,82.00217777777779,104.23382222222223,97.88093333333333,42.55614331961956,255.0,45.0,210.0,silver
76.22466666666666,91.47800000000001,66.41728888888889,46.92902222222222,68.03333333333333,91.47800000000001,84.05373333333333,32.353060673622686,227.0,40.0,187.0,silver
95.3784888888889,110.92813333333334,85.60293333333334,48.03977777777778,57.299733333333336,110.92813333333334,103.38675555555555,13.539624897406469,137.0,80.0,57.0,silver
112.2556,132.30262222222223,117.12480000000001,67.18217777777778,46.49257777777778,132.35631111111113,124.58711111111111,37.793588087706226,207.0,70.0,137.0,silver
124.39697777777778,143.60111111111112,125.41302222222222,61.406000000000006,49.68884444444445,144.7365777777778,135.78577777777778,26.30568290852664,208.0,90.0,118.0,silver
178.4693777777778,196.34031111111113,185.77946666666668,70.99484444444445,28.921866666666666,196.34653333333335,189.7891111111111,46.49467273294017,247.0,89.0,158.0,silver
87.94484444444444,94.43608888888889,78.62395555555555,47.68253333333334,52.13217777777778,95.6292888888889,90.68786666666666,19.737858588791013,149.0,54.0,95.0,silver
109.56346666666667,124.36928888888889,104.18853333333334,55.12391111111111,54.06764444444445,124.36973333333334,117.64933333333333,45.45647844794941,219.0,60.0,159.0,silver
105.85924444444444,119.5112888888889,94.06022222222222,46.78826666666667,61.815288888888894,119.51724444444444,112.53048888888888,39.75550504695878,236.0,62.0,174.0,silver
89.84542222222223,104.44226666666667,80.72524444444444,49.29875555555556,62.928311111111114,104.45644444444444,97.382,40.23464163020607,255.0,52.0,203.0,silver
88.04537777777779,101.93773333333334,72.66951111111112,43.355422222222224,70.50533333333334,101.94955555555556,94.44844444444445,25.484743318791566,170.0,61.0,109.0,silver
99.09364444444445,104.792,88.94413333333334,45.70488888888889,50.77431111111111,105.57053333333334,101.30466666666666,46.500853282493644,201.0,40.0,161.0,silver
167.61177777777777,160.99875555555556,164.76862222222223,112.6844888888889,11.564711111111112,168.09582222222224,163.39684444444444,6.756157934985619,196.0,131.0,65.0,silver
124.14644444444446,129.48093333333333,111.02582222222223,39.04253333333334,36.76813333333334,129.50866666666667,125.7739111111111,16.165247890764824,188.0,96.0,92.0,silver
195.43635555555556,202.64097777777778,191.2876888888889,49.01168888888889,14.352044444444445,202.64097777777778,199.28622222222222,1.4038792111525027,202.0,194.0,8.0,tile
192.78253333333333,199.44822222222223,188.45142222222222,48.15577777777778,13.997155555555556,199.44822222222223,196.2892,1.677367985863567,203.0,192.0,11.0,tile
188.7088,195.51231111111113,184.39982222222224,48.37853333333334,14.351644444444446,195.51231111111113,192.30773333333335,2.1646991517940264,202.0,188.0,14.0,tile
192.58604444444444,191.10866666666666,173.57946666666666,27.666533333333334,25.178311111111114,192.59791111111113,189.50746666666666,8.870705209596109,204.0,167.0,37.0,tile
187.80897777777778,189.30071111111113,176.94013333333334,33.64542222222222,16.595955555555555,189.3583111111111,187.46471111111111,3.5573709432183653,202.0,182.0,20.0,tile
187.6517777777778,194.0564,183.2056,47.68244444444445,14.207511111111112,194.0564,190.99422222222222,2.543429433648714,203.0,186.0,17.0,tile
178.0468888888889,186.79515555555557,174.9169777777778,52.3736,15.989600000000001,186.79515555555557,182.84382222222223,0.5999700469889732,186.0,181.0,5.0,tile
161.10160000000002,194.7403111111111,196.3520888888889,74.34546666666667,59.50328888888889,203.0480888888889,184.8586222222222,28.38623866695417,223.0,143.0,80.0,tile
181.4665777777778,188.38564444444447,177.99142222222224,50.02146666666667,14.116311111111111,188.38564444444447,185.2084888888889,2.0217152082352934,195.0,181.0,14.0,tile
194.39853333333335,200.06075555555557,187.03111111111113,43.42373333333334,16.53217777777778,200.06075555555557,196.89693333333332,11.086035236378343,222.0,175.0,47.0,tile
189.67404444444446,197.01662222222222,183.43315555555557,46.26448888888889,17.632266666666666,197.01662222222222,193.1849777777778,7.777592093783522,205.0,169.0,36.0,tile
182.9616888888889,191.54266666666666,178.42515555555556,49.589333333333336,17.496755555555556,191.54266666666666,187.51715555555555,9.322585187371713,203.0,165.0,38.0,tile
189.6075111111111,198.58555555555557,185.23244444444444,50.2124,17.12302222222222,198.58555555555557,194.4584888888889,9.285085360996293,209.0,170.0,39.0,tile
184.06035555555556,191.85680000000002,178.6797777777778,47.96551111111111,17.539911111111113,191.85680000000002,188.0071111111111,10.521552192676225,207.0,165.0,42.0,tile
178.1448,186.48857777777778,172.56404444444445,47.95977777777778,19.072311111111112,186.48857777777778,182.40022222222223,9.78926168794469,200.0,158.0,42.0,tile
177.81817777777778,186.72266666666667,174.54000000000002,52.15795555555556,16.663777777777778,186.72266666666667,182.70933333333332,6.14307574066571,203.0,172.0,31.0,tile
179.57808888888889,187.43373333333335,175.2032,49.32826666666667,16.688222222222223,187.43373333333335,183.67835555555556,4.438734850560489,202.0,177.0,25.0,tile
180.1556888888889,188.7016888888889,176.6164888888889,51.45777777777778,16.274355555555555,188.7016888888889,184.7585777777778,3.3912868386098505,199.0,179.0,20.0,tile
187.10395555555556,194.1871111111111,183.23586666666668,49.46617777777778,14.3008,194.1871111111111,190.9148888888889,1.6428973352954797,198.0,186.0,12.0,tile
190.93533333333335,198.83182222222223,187.6476,51.35902222222222,14.22337777777778,198.83182222222223,195.11724444444445,1.2967430852469592,202.0,191.0,11.0,tile
193.62066666666666,202.05671111111113,190.3670666666667,51.833733333333335,14.693822222222224,202.05671111111113,198.19866666666667,1.9657507471701492,206.0,193.0,13.0,tile
191.94386666666668,200.3812,188.46902222222224,51.443200000000004,14.951777777777778,200.3812,196.4884888888889,2.243964929635064,204.0,191.0,13.0,tile
189.76471111111113,198.40026666666668,186.7223111111111,52.440177777777784,14.807911111111112,198.40026666666668,194.43924444444445,2.182902727568201,204.0,190.0,14.0,tile
187.0968,195.64213333333333,181.85391111111113,48.680800000000005,17.97408888888889,195.64213333333333,191.5456,9.857861418741447,214.0,175.0,39.0,tile
174.73742222222222,183.13031111111113,170.4252888888889,49.976222222222226,17.730222222222224,183.13031111111113,179.15151111111112,9.32358180725322,202.0,167.0,35.0,tile
186.5628888888889,195.08502222222222,184.1896888888889,53.776044444444445,14.151644444444445,195.08502222222222,191.10635555555555,3.047450600496936,207.0,187.0,20.0,tile
181.75502222222224,189.8453777777778,178.64257777777777,51.88751111111112,15.024755555555556,189.8453777777778,186.07577777777777,3.4812883878682293,202.0,178.0,24.0,tile
193.8984888888889,201.12382222222223,190.05084444444446,49.495066666666666,14.0684,201.12382222222223,197.71942222222222,3.226664686561988,211.0,194.0,17.0,tile
182.25511111111112,190.45293333333333,178.1857777777778,50.178311111111114,16.439866666666667,190.45293333333333,186.59026666666668,6.416276761833489,206.0,176.0,30.0,tile
180.4665777777778,188.0756888888889,175.8912888888889,48.788133333333334,16.526444444444444,188.0756888888889,184.4374222222222,7.8125792880993865,206.0,172.0,34.0,tile
176.81737777777778,185.2155111111111,172.70484444444446,50.23186666666667,17.349955555555557,185.2155111111111,181.28573333333333,1.4569072326145012,189.0,178.0,11.0,tile
194.11915555555555,201.8019111111111,190.31684444444446,50.16164444444445,14.473822222222223,201.8019111111111,198.20404444444443,4.46925413591105,215.0,191.0,24.0,tile
178.74622222222223,186.5916888888889,174.05182222222223,49.05511111111112,17.144533333333335,186.5916888888889,182.7820888888889,10.849447670165258,207.0,164.0,43.0,tile
172.2264888888889,180.5532888888889,168.38542222222222,50.69835555555556,17.145955555555556,180.5532888888889,176.63226666666668,5.933578176221607,195.0,168.0,27.0,tile
181.57871111111112,190.42111111111112,177.48693333333335,50.504355555555556,17.373955555555558,190.42111111111112,186.37306666666666,6.02413102410261,208.0,179.0,29.0,tile
197.23684444444444,204.10515555555557,188.0691111111111,42.71071111111112,20.08848888888889,204.10515555555557,200.11204444444445,3.2423896260186837,205.0,193.0,12.0,tile
180.31400000000002,190.04275555555557,177.33031111111111,51.299600000000005,21.083644444444445,190.26017777777778,185.6608,10.760840994808701,202.0,138.0,64.0,tile
177.94044444444447,183.8908888888889,169.9016,42.897022222222226,19.477422222222224,183.8908888888889,180.51697777777778,9.215288057206022,201.0,162.0,39.0,tile
176.67995555555555,184.4205777777778,173.14960000000002,50.961644444444445,15.585955555555556,184.4205777777778,180.78617777777777,6.071442447278676,202.0,175.0,27.0,tile
172.40071111111112,179.82697777777778,167.21751111111112,48.047422222222224,17.934,179.82697777777778,176.16306666666668,14.2022262862005,205.0,144.0,61.0,tile
190.32484444444447,199.34213333333335,187.104,52.28595555555556,15.579422222222224,199.34213333333335,195.3210222222222,3.5157439957924432,206.0,188.0,18.0,tile
199.7808,208.91551111111113,194.7656888888889,49.59008888888889,17.135955555555558,208.91551111111113,204.56293333333332,11.776779198254694,233.0,186.0,47.0,tile
172.09502222222224,181.7673777777778,168.3424888888889,51.56115555555556,18.90426666666667,181.7673777777778,177.39835555555555,11.884261374057438,202.0,157.0,45.0,tile
171.8553777777778,180.71453333333335,168.89022222222223,52.67297777777778,16.673822222222224,180.71453333333335,176.76964444444445,5.553277579374207,195.0,168.0,27.0,tile
172.78115555555556,190.9924888888889,185.86204444444445,62.449555555555555,34.7428,194.63777777777779,184.94613333333334,21.747049571123178,214.0,128.0,86.0,tile
156.83622222222223,173.99475555555557,170.42782222222223,57.71404444444445,46.36137777777778,179.52955555555556,168.47124444444444,26.319014161844247,202.0,106.0,96.0,tile
181.55986666666666,179.8124888888889,164.7951111111111,27.865422222222225,24.249244444444447,182.00586666666666,178.58097777777778,9.289983754294823,199.0,134.0,65.0,tile
168.46217777777778,171.79680000000002,156.4377777777778,36.623200000000004,22.805600000000002,171.79680000000002,169.02564444444445,9.401144618622082,194.0,156.0,38.0,tile
187.81533333333334,193.10822222222222,181.15444444444447,43.42355555555556,15.759866666666667,193.10822222222222,190.17906666666667,6.455411305942395,211.0,179.0,32.0,tile
183.1952888888889,190.08435555555556,175.436,44.135111111111115,19.700666666666667,190.08435555555556,186.2730222222222,9.38107746592727,201.0,161.0,40.0,tile
178.3492888888889,187.36862222222223,171.94057777777778,47.60528888888889,21.0612,187.36862222222223,182.86466666666666,10.661896662622672,204.0,156.0,48.0,tile
185.36262222222223,196.24284444444444,184.1293777777778,57.150088888888895,15.893600000000001,196.24284444444444,191.59253333333334,5.884874569039966,203.0,174.0,29.0,tile
194.65133333333335,205.01164444444444,192.3782666666667,54.57542222222222,15.63408888888889,205.01164444444444,200.60115555555555,0.997346924050794,202.0,196.0,6.0,tile
190.07413333333335,199.89115555555557,188.0933777777778,55.236044444444445,14.963777777777779,199.89115555555557,195.71084444444443,5.664010177154839,203.0,183.0,20.0,tile
183.88320000000002,193.8944888888889,183.0928888888889,57.99062222222223,14.357377777777778,193.8944888888889,189.7364,6.2678069473212785,201.0,180.0,21.0,tile
181.08511111111113,191.37186666666668,180.68746666666667,58.983022222222225,14.661422222222223,191.37186666666668,186.99666666666667,3.014312156658262,196.0,184.0,12.0,tile
191.45311111111113,201.1808,189.67586666666668,55.50964444444445,14.5176,201.1808,197.04084444444445,1.3595663353609906,200.0,192.0,8.0,tile
151.4679111111111,158.9532,149.3019111111111,48.82831111111111,30.9116,161.15120000000002,155.58235555555555,80.020789630683,239.0,45.0,194.0,tile
186.5576,199.9789777777778,192.11022222222223,72.46115555555556,17.1632,199.9789777777778,195.01853333333332,7.42557523877219,208.0,183.0,25.0,tile
111.07542222222223,110.79155555555556,104.5584,33.67026666666667,41.52084444444445,115.90613333333334,110.15982222222222,70.83062403580621,211.0,31.0,180.0,tile
183.65537777777777,195.43822222222224,189.27782222222223,74.45573333333334,15.501244444444445,195.43822222222224,191.35955555555554,0.6263543745110556,193.0,189.0,4.0,tile
166.17653333333334,186.1340888888889,174.69146666666668,73.02191111111111,27.427644444444446,186.1340888888889,178.93435555555556,1.8674289295482118,185.0,175.0,10.0,tile
62.45964444444445,62.82373333333334,55.51715555555556,32.041066666666666,36.41128888888889,63.85022222222223,61.903822222222225,22.055334322047443,194.0,46.0,148.0,tile
157.37195555555556,163.69782222222224,160.89075555555556,56.239422222222224,18.996088888888888,165.2337777777778,161.4987111111111,76.69633135152691,253.0,74.0,179.0,tile
219.4415111111111,249.4265777777778,241.31031111111113,81.9140888888889,30.87888888888889,249.4265777777778,239.4657777777778,0.9855545283722569,242.0,236.0,6.0,tile
188.94400000000002,202.60684444444445,193.66857777777778,70.4984,17.290622222222222,202.60684444444445,197.55942222222222,1.279054381415147,200.0,193.0,7.0,tile
192.77435555555556,203.6196888888889,192.8080888888889,60.135511111111114,14.057155555555557,203.6196888888889,199.0503111111111,1.0842108819520353,203.0,196.0,7.0,tile
189.7580888888889,204.23564444444446,194.8724888888889,70.68648888888889,18.323155555555555,204.23564444444446,198.78622222222222,0.7960382148528881,201.0,196.0,5.0,tile
192.2953777777778,203.3304,192.7103111111111,61.19568888888889,14.099555555555556,203.3304,198.738,0.5271520969638016,202.0,196.0,6.0,tile
62.5112,56.01257777777778,49.974133333333334,16.388844444444445,56.345600000000005,62.86915555555556,57.28293333333333,18.020088600596097,172.0,42.0,130.0,tile
167.95106666666666,166.96955555555556,162.65155555555557,35.64977777777778,19.4996,172.39053333333334,166.798,42.21256627540614,255.0,124.0,131.0,tile
170.96271111111113,181.58124444444445,180.22528888888888,71.87146666666666,20.051733333333335,183.20417777777777,178.2496,76.4553052432596,251.0,63.0,188.0,tile
91.4344888888889,84.7492888888889,82.81164444444445,6.69248888888889,24.1244,91.43511111111111,86.53755555555556,5.1125869318577335,166.0,76.0,90.0,tile
195.06186666666667,222.95955555555557,213.96395555555557,80.27893333333334,31.89768888888889,222.95955555555557,213.6004,0.8948295033133405,215.0,210.0,5.0,tile
189.0502666666667,204.79337777777778,194.43253333333334,70.14551111111112,19.735422222222223,204.79337777777778,198.81466666666665,0.7494934585734851,201.0,196.0,5.0,tile
192.90373333333335,203.5324888888889,192.38275555555558,58.62822222222223,14.198044444444445,203.5324888888889,198.9657777777778,0.8731971621292737,201.0,196.0,5.0,tile
194.3381777777778,203.67751111111113,192.06275555555555,54.40755555555556,14.614711111111111,203.67751111111113,199.668,1.0297779695966827,204.0,196.0,8.0,tile
192.35942222222224,200.50346666666667,188.99684444444446,51.419066666666666,14.506622222222223,200.50346666666667,196.65422222222222,0.8462163865344998,199.0,194.0,5.0,tile
191.3716888888889,200.37635555555556,188.7523111111111,53.415644444444446,14.633866666666668,200.37635555555556,196.41346666666666,1.7404025026157341,202.0,193.0,9.0,tile
194.22693333333333,203.23097777777778,190.4216,51.12577777777778,15.920533333333335,203.23097777777778,199.16906666666668,0.7506699348655913,203.0,196.0,7.0,tile
138.42937777777777,140.6424,128.12782222222222,36.89293333333333,41.99697777777778,143.8981777777778,138.57342222222223,69.06111873035648,201.0,37.0,164.0,tile
175.54582222222223,186.1284,176.01804444444446,60.85924444444445,20.84688888888889,186.68071111111112,181.8788,40.05925083206957,201.0,41.0,160.0,tile
189.45693333333335,202.39151111111113,192.76644444444446,67.6524888888889,16.406133333333333,202.39151111111113,197.5641777777778,2.7323276791360223,201.0,156.0,45.0,tile
191.8292888888889,202.1187111111111,191.35622222222224,58.736133333333335,13.740977777777779,202.1187111111111,197.73937777777778,0.8917326776534891,201.0,195.0,6.0,tile
193.08875555555557,202.87093333333334,191.062,54.97244444444445,14.810622222222223,202.87093333333334,198.6843111111111,0.7342618915837175,202.0,191.0,11.0,tile
192.9469777777778,202.54786666666666,190.55120000000002,54.16684444444445,15.000222222222224,202.54786666666666,198.43848888888888,0.7826413574051576,202.0,194.0,8.0,tile
189.20346666666669,197.8809777777778,186.0827111111111,52.47728888888889,15.120844444444446,197.8809777777778,193.9455111111111,4.2780223708428755,199.0,143.0,56.0,tile
137.20604444444444,139.00444444444446,127.17351111111111,37.92168888888889,41.86008888888889,142.76924444444444,137.10737777777777,68.12206383488356,205.0,42.0,163.0,tile
130.78844444444445,116.82662222222223,108.75813333333333,10.961777777777778,43.227555555555554,130.78844444444445,120.06857777777778,7.17929487249081,138.0,105.0,33.0,tile
255.0,241.78271111111113,255.0,148.55333333333334,13.21728888888889,255.0,247.244,2.6359770695343903,255.0,244.0,11.0,tile
190.22955555555558,204.59902222222223,195.56866666666667,71.30368888888889,17.990177777777777,204.59902222222223,199.16844444444445,0.6262976060612276,201.0,196.0,5.0,tile
153.85884444444446,163.72555555555556,154.99195555555556,58.57306666666667,25.625555555555557,164.6141777777778,159.7944,60.5124343124434,201.0,30.0,171.0,tile
82.04382222222223,82.65488888888889,75.43648888888889,31.820444444444448,48.40577777777778,86.0824,81.68311111111112,61.041462259397356,201.0,32.0,169.0,tile
75.64017777777778,74.71826666666666,70.96782222222222,24.029333333333334,35.2836,78.82142222222222,74.55071111111111,52.055978048687464,210.0,34.0,176.0,tile
81.51324444444445,85.70702222222222,81.33306666666667,40.75631111111111,31.511422222222222,86.96302222222222,83.97044444444444,64.322013285778,203.0,31.0,172.0,tile
72.31684444444444,77.41604444444445,73.1112,47.63755555555556,28.47351111111111,77.67662222222222,75.39488888888889,59.96329633375634,203.0,25.0,178.0,tile
70.6596,65.70702222222222,63.38857777777778,13.918933333333333,26.806222222222225,70.6596,66.864,5.239176525625632,80.0,55.0,25.0,tile
242.10355555555557,253.78644444444447,252.89333333333335,48.92346666666667,11.804622222222223,253.78644444444447,250.20555555555555,5.899801524177857,255.0,232.0,23.0,tile
130.64097777777778,139.27977777777778,133.6579111111111,59.26115555555556,26.6388,140.2208,136.01462222222221,63.74250498486997,188.0,30.0,158.0,tile
210.4148888888889,232.9745777777778,224.30906666666667,77.81146666666667,24.575733333333336,232.98182222222223,225.22457777777777,22.114413809890184,246.0,89.0,157.0,tile
175.31657777777778,190.4976,183.1547111111111,75.47222222222223,20.38488888888889,190.4976,185.10315555555556,6.475257441319073,201.0,174.0,27.0,tile
116.42266666666667,117.6504,110.14395555555556,38.68808888888889,39.85404444444445,121.16622222222223,116.42506666666667,70.13308385963234,201.0,35.0,166.0,tile
191.1811111111111,205.88888888888889,198.7101777777778,74.65404444444445,18.653377777777777,205.92635555555557,200.70564444444443,17.495771531246636,219.0,51.0,168.0,tile
168.29311111111113,180.6361777777778,171.70777777777778,66.97151111111111,20.43586666666667,180.8496888888889,175.9581777777778,28.06606622104264,189.0,40.0,149.0,tile
189.21635555555557,202.6509777777778,193.56022222222222,69.74115555555557,16.909288888888888,202.6509777777778,197.59777777777776,11.068393216499933,216.0,157.0,59.0,tile
181.4640888888889,195.50195555555555,189.45986666666667,76.95804444444445,18.151111111111113,195.50195555555555,190.5718222222222,1.153678855543602,192.0,187.0,5.0,tile
188.8716888888889,200.0820888888889,188.4308,59.037822222222225,15.190711111111112,200.0820888888889,195.28493333333333,8.268710210855808,210.0,181.0,29.0,tile
182.90466666666669,191.03151111111112,179.82675555555556,51.9728,14.91697777777778,191.03151111111112,187.25928888888888,6.23585085924651,202.0,176.0,26.0,tile
167.03057777777778,176.89386666666667,166.09782222222222,57.64551111111111,16.018666666666668,176.89386666666667,172.72608888888888,4.6652230425289645,179.0,159.0,20.0,tile
199.3684888888889,208.56484444444445,194.9884888888889,50.54,16.471155555555555,208.56484444444445,204.31213333333332,8.128891922847378,219.0,190.0,29.0,tile
192.12462222222223,199.77391111111112,190.06093333333334,53.69248888888889,12.563955555555555,199.77391111111112,196.3278222222222,1.1675612434831633,203.0,193.0,10.0,tile
193.24226666666667,201.16266666666667,190.78835555555557,53.00573333333334,13.31928888888889,201.16266666666667,197.47386666666668,0.9105220382957363,203.0,195.0,8.0,tile
180.0820888888889,187.91044444444447,175.2945777777778,48.657244444444444,17.159733333333335,187.91044444444447,184.11804444444445,6.902110704400681,196.0,170.0,26.0,tile
196.40751111111112,203.94417777777778,193.2956888888889,51.2948,13.460711111111111,203.94417777777778,200.45262222222223,3.3692366117820876,210.0,195.0,15.0,tile
196.0984888888889,204.2728888888889,192.6141777777778,51.18942222222223,14.658711111111112,204.2728888888889,200.42644444444446,0.8767937944720476,202.0,198.0,4.0,tile
193.24302222222224,200.80622222222223,189.74275555555556,50.57537777777778,14.063244444444445,200.80622222222223,197.28768888888888,0.8661739579507679,203.0,194.0,9.0,tile
192.2349777777778,200.4587111111111,188.368,50.681066666666666,15.236977777777778,200.4587111111111,196.61337777777777,3.847687751762314,199.0,165.0,34.0,tile
193.9136,205.1772,194.14035555555557,60.68866666666667,14.303955555555556,205.1772,200.33457777777778,1.3906880549472047,206.0,198.0,8.0,tile
183.27671111111113,191.91675555555557,180.3114666666667,52.501200000000004,15.401822222222222,191.91675555555557,188.0199111111111,6.898035404123641,199.0,172.0,27.0,tile
196.8335111111111,206.02515555555556,194.03764444444445,53.309200000000004,14.78057777777778,206.02515555555556,201.95444444444445,8.134656464932561,220.0,190.0,30.0,tile
167.22693333333333,178.95515555555556,169.38564444444447,65.48737777777778,16.762933333333333,178.95515555555556,174.31008888888888,1.0359646030465675,177.0,172.0,5.0,tile
181.49200000000002,192.47822222222223,183.20671111111113,64.48546666666667,14.643022222222223,192.47822222222223,188.24093333333334,4.38693464429701,201.0,183.0,18.0,tile
185.5525777777778,195.0492888888889,184.73631111111112,57.62688888888889,13.4144,195.0492888888889,190.96422222222222,1.0396195647957829,195.0,188.0,7.0,tile
190.06586666666666,199.26760000000002,186.8665777777778,52.46071111111112,15.893155555555555,199.26760000000002,195.26137777777777,1.6244771779647738,201.0,192.0,9.0,tile
186.36693333333335,194.67342222222223,184.71404444444445,55.15324444444445,13.174133333333334,194.67342222222223,190.95342222222223,2.9943590409589893,195.0,182.0,13.0,tile
182.72497777777778,188.11946666666668,176.09106666666668,45.17595555555556,20.66417777777778,188.96813333333336,185.1672,36.68559208166365,200.0,40.0,160.0,tile
215.6336888888889,228.24906666666666,213.4900888888889,56.04782222222222,16.43871111111111,228.24906666666666,222.8008888888889,8.17146248904543,237.0,206.0,31.0,tile
202.98257777777778,213.01982222222225,200.38106666666667,53.91093333333333,15.0484,213.01982222222225,208.72337777777778,3.1802466940571965,213.0,198.0,15.0,tile
174.52022222222223,183.4679111111111,173.27102222222223,56.50244444444445,16.87337777777778,183.7208,179.63604444444445,36.75632829441637,202.0,47.0,155.0,tile
81.5544888888889,92.90195555555556,88.1284888888889,74.45422222222223,36.27471111111111,92.9204,88.97764444444445,16.67185220018134,145.0,64.0,81.0,silver
147.95142222222222,161.21822222222224,141.10275555555558,58.900800000000004,40.65777777777778,161.23728888888888,154.97164444444445,14.069800455278603,193.0,120.0,73.0,silver
140.62582222222224,152.12355555555555,117.09751111111112,39.83688888888889,59.043511111111115,152.12355555555555,144.69555555555556,12.40124824462003,167.0,108.0,59.0,silver
168.47902222222223,180.8452888888889,152.93075555555555,45.50653333333334,41.190088888888894,180.8452888888889,173.95986666666667,15.299677207342935,226.0,141.0,85.0,silver
132.98991111111113,148.44213333333335,139.3250666666667,71.40586666666667,35.49631111111111,148.45604444444444,142.79946666666666,26.605168414844176,195.0,91.0,104.0,silver
113.01617777777778,122.12644444444445,91.26471111111111,38.12884444444445,65.04684444444445,122.14986666666667,115.89222222222222,12.85094659529257,148.0,79.0,69.0,silver
134.4156,142.93475555555557,110.47262222222223,37.388844444444445,57.89022222222223,142.97933333333333,136.68257777777777,13.755217144356358,176.0,99.0,77.0,silver
165.08306666666667,180.65435555555555,153.77591111111113,49.8932,40.842711111111115,180.66493333333335,172.9283111111111,11.262929095680262,207.0,147.0,60.0,silver
109.30875555555556,130.31737777777778,108.21742222222223,59.27746666666667,54.43888888888889,130.32413333333335,121.5108,19.106139066453657,182.0,91.0,91.0,silver
146.28586666666666,168.6280888888889,156.85177777777778,72.86222222222223,40.83813333333334,168.63084444444445,160.58435555555556,34.40227698740338,211.0,108.0,103.0,silver
175.46591111111113,195.21231111111112,191.16426666666666,83.75208888888889,25.927422222222223,195.21244444444446,188.85711111111112,18.8710119992687,202.0,122.0,80.0,silver
141.77231111111112,153.4116888888889,144.2127111111111,64.2024888888889,22.165377777777778,153.4116888888889,148.85306666666668,35.54527769129271,199.0,40.0,159.0,silver
129.30315555555555,140.58982222222224,131.31897777777777,65.12346666666667,26.024444444444445,140.59524444444446,136.18675555555555,20.167259774369786,190.0,100.0,90.0,silver
108.82186666666666,120.49804444444445,108.41551111111112,60.20693333333334,33.65146666666667,120.49804444444445,115.62755555555556,22.932318694178267,183.0,70.0,113.0,silver
111.608,121.24991111111112,109.69004444444445,58.87102222222222,32.25008888888889,121.25604444444446,117.06266666666667,25.012009240007536,184.0,75.0,109.0,silver
114.16560000000001,123.13715555555557,101.60191111111112,48.159955555555555,51.88648888888889,123.19426666666668,117.99502222222222,22.762701892436905,197.0,88.0,109.0,silver
134.98413333333335,144.4256,126.37964444444445,48.17662222222222,37.24942222222222,144.4832888888889,139.53506666666667,21.33055537371475,195.0,110.0,85.0,silver
175.4728,192.12120000000002,187.67755555555556,81.01924444444445,21.864044444444446,192.12120000000002,186.62804444444444,27.701372692787107,216.0,137.0,79.0,silver
168.75053333333335,183.93693333333334,175.41235555555556,73.18284444444444,21.627644444444446,183.93693333333334,178.41813333333334,24.177387232793464,199.0,105.0,94.0,silver
137.01146666666668,149.12315555555557,136.24928888888888,58.10666666666667,25.855911111111112,149.12315555555557,144.0512,17.706700574264723,208.0,120.0,88.0,silver
129.76235555555556,127.24044444444445,110.51835555555556,40.54906666666667,45.81777777777778,129.9693777777778,126.09746666666666,54.47428965651799,254.0,60.0,194.0,silver
133.14017777777778,144.02973333333335,132.98066666666668,58.21497777777778,25.347644444444445,144.02973333333335,139.50088888888888,25.205472934990592,185.0,85.0,100.0,silver
109.98035555555556,117.97804444444445,102.96875555555556,47.756800000000005,38.8464,117.98235555555556,113.86995555555555,36.05702612372398,194.0,59.0,135.0,silver
186.2504888888889,188.69031111111113,175.6528888888889,27.498,20.991600000000002,188.8256,186.46715555555556,49.92009202624867,255.0,104.0,151.0,silver
88.18404444444445,109.06173333333334,105.4868,84.77911111111112,48.61888888888889,109.06173333333334,102.39595555555556,16.247679399369357,116.0,66.0,50.0,silver
116.90662222222223,128.27022222222223,118.21608888888889,62.06657777777778,29.798711111111114,128.27026666666669,123.75093333333334,36.36013215377524,221.0,67.0,154.0,silver
106.24266666666666,115.07213333333334,102.03911111111111,51.24737777777778,34.90457777777778,115.0824,110.9548,25.835986127535797,160.0,72.0,88.0,silver
93.58720000000001,98.41826666666667,90.04177777777778,47.72786666666667,28.98288888888889,98.4204,96.06751111111112,35.68906614426716,184.0,58.0,126.0,silver
197.34422222222224,213.45973333333333,204.8395111111111,73.89457777777778,19.418400000000002,213.45973333333333,207.6232,11.499332327671127,214.0,133.0,81.0,silver
139.70844444444444,149.01097777777778,134.97422222222224,51.252,26.410400000000003,149.0115111111111,144.6316,20.112991194084817,205.0,110.0,95.0,silver
160.7228888888889,168.6588888888889,154.8739111111111,48.96537777777778,22.770711111111112,168.6588888888889,164.72902222222223,23.596791541308125,208.0,126.0,82.0,silver
141.19342222222224,151.78102222222222,142.8221777777778,62.13431111111112,26.4924,151.90120000000002,147.6128,20.46503002533292,189.0,92.0,97.0,silver
131.64884444444445,136.11164444444444,109.85311111111112,37.65871111111111,53.04586666666667,136.7817777777778,131.7668,17.348948606760008,176.0,105.0,71.0,silver
133.87195555555556,141.12066666666666,115.56782222222223,42.83208888888889,53.92671111111111,142.10106666666667,136.03195555555556,28.663353315460377,202.0,102.0,100.0,silver
144.3550666666667,154.08395555555558,132.67066666666668,50.97786666666667,47.336800000000004,154.42262222222223,148.7631111111111,39.3778919260949,210.0,105.0,105.0,silver
146.31444444444446,160.28373333333334,147.53573333333335,65.66177777777779,35.27737777777778,160.3140888888889,154.66857777777778,43.42540965558139,202.0,42.0,160.0,silver
177.2892888888889,190.81480000000002,179.9363111111111,59.906222222222226,25.357511111111112,190.95933333333335,185.5396888888889,37.16019349179515,234.0,134.0,100.0,silver
154.1908,165.30133333333333,152.91137777777777,58.58755555555556,31.56408888888889,165.82604444444445,160.5399111111111,39.87082428700756,203.0,104.0,99.0,silver
137.03942222222224,146.49062222222224,130.13044444444446,51.62168888888889,37.34386666666667,146.69986666666668,141.81524444444443,38.43499734539144,203.0,82.0,121.0,silver
148.20857777777778,157.73573333333334,143.30897777777778,53.64191111111111,31.090044444444445,157.82253333333335,153.21937777777777,38.9646592874956,203.0,94.0,109.0,silver
139.13706666666667,146.28573333333335,125.60893333333334,45.714400000000005,45.657022222222224,147.2240888888889,141.79364444444445,37.60232551387425,202.0,94.0,108.0,silver
109.3732888888889,122.29133333333334,115.02026666666667,69.07742222222222,31.71737777777778,122.29151111111112,117.59835555555556,18.598558294371525,174.0,83.0,91.0,silver
117.39053333333334,131.5072888888889,125.28315555555557,72.17751111111112,31.4024,131.51022222222224,126.56817777777778,20.29068797397673,191.0,88.0,103.0,silver
101.19728888888889,117.24466666666667,110.14533333333334,75.20093333333334,38.169200000000004,117.24466666666667,111.64533333333334,22.160071961375337,194.0,77.0,117.0,silver
126.32622222222223,132.2948888888889,105.13520000000001,36.239111111111114,54.36146666666667,132.87977777777778,127.41871111111111,12.513314371539925,164.0,99.0,65.0,silver
124.0464,130.96306666666666,104.44168888888889,37.476933333333335,53.800000000000004,131.54395555555556,125.87613333333333,12.70541753846235,163.0,97.0,66.0,silver
97.4880888888889,99.69924444444445,83.04995555555556,38.26564444444445,45.02648888888889,101.55613333333334,97.15293333333334,28.44036783353314,139.0,39.0,100.0,silver
154.93342222222222,163.82702222222224,152.6238666666667,56.83568888888889,30.538933333333336,164.93426666666667,159.8799111111111,35.23967430787963,222.0,117.0,105.0,silver
145.54262222222223,153.03293333333335,141.00062222222223,53.833422222222225,34.88955555555556,154.6308,149.42742222222222,37.85526147519076,204.0,96.0,108.0,silver
168.57902222222222,182.4129777777778,177.33231111111112,77.39942222222223,19.69497777777778,182.4131111111111,177.7212888888889,23.982301995543132,203.0,129.0,74.0,silver
102.66484444444446,108.51306666666667,88.42751111111112,42.05991111111111,54.278666666666666,109.61333333333334,104.49493333333334,23.225903568023163,185.0,77.0,108.0,silver
123.67462222222223,128.05373333333333,109.7392888888889,43.693644444444445,47.92026666666667,129.95742222222222,124.65124444444444,20.014321888926943,197.0,97.0,100.0,silver
138.83946666666668,148.43262222222222,111.80724444444445,41.666133333333335,69.30755555555555,148.83124444444445,141.3836,28.984878930151762,231.0,112.0,119.0,silver
102.8336888888889,111.37617777777778,76.67448888888889,37.33506666666667,79.80248888888889,111.63813333333334,104.86773333333333,10.246300957256071,146.0,84.0,62.0,silver
143.86911111111112,156.43013333333334,122.93871111111112,44.757422222222225,54.129022222222225,156.43742222222224,148.85324444444444,20.427960591258852,186.0,78.0,108.0,silver
153.14773333333335,165.85937777777778,143.25013333333334,51.31586666666667,38.52715555555556,165.89973333333333,159.4717777777778,11.428605589851943,190.0,132.0,58.0,silver
151.10982222222222,166.5279111111111,153.8960888888889,66.36591111111112,32.592311111111115,167.16275555555558,160.49466666666666,11.218049662139236,190.0,131.0,59.0,silver
154.13502222222223,164.424,156.26791111111112,62.665600000000005,22.377733333333335,164.77142222222224,160.424,17.396711106796403,198.0,131.0,67.0,silver
125.77395555555556,143.46284444444444,140.35826666666668,77.40911111111112,36.29915555555556,144.65168888888888,137.8192,17.311096641043733,166.0,99.0,67.0,silver
145.8185777777778,154.33115555555557,147.42364444444445,63.06377777777778,27.76608888888889,155.6700888888889,151.0036,16.140880753058195,183.0,116.0,67.0,silver
125.10097777777779,132.94951111111112,122.11897777777779,55.89595555555556,36.117422222222224,133.96062222222224,129.398,16.273955894140933,168.0,99.0,69.0,silver
139.93928888888888,139.58346666666668,109.44782222222223,29.765422222222224,60.39551111111111,143.05435555555556,136.2457777777778,9.840900701525443,164.0,116.0,48.0,silver
139.9652,147.48742222222222,112.66768888888889,35.580622222222225,60.87151111111111,148.2160888888889,141.27831111111112,12.321914021273413,199.0,103.0,96.0,silver
141.2307111111111,153.02933333333334,142.20133333333334,61.55177777777778,32.95448888888889,153.1036,148.26373333333333,51.037732885211724,209.0,78.0,131.0,silver
129.4904,130.71564444444445,100.38773333333334,30.992844444444447,60.711555555555556,131.41124444444446,126.88737777777777,18.17377673131004,176.0,89.0,87.0,silver
139.5364888888889,148.24306666666666,110.89902222222223,37.287911111111114,62.67333333333334,148.2433777777778,141.38284444444446,20.412427780867613,167.0,82.0,85.0,silver
120.78288888888889,140.68026666666668,111.25977777777778,53.97826666666667,54.91142222222223,140.68026666666668,131.38115555555555,18.934794790960964,172.0,92.0,80.0,silver
146.00293333333335,164.26822222222222,134.52804444444445,49.65266666666667,46.13675555555556,164.26822222222222,155.42395555555555,22.08359158385404,196.0,102.0,94.0,silver
134.7585777777778,155.44524444444446,126.27093333333335,53.507822222222224,48.35373333333334,155.44524444444446,145.93857777777777,21.245696154477855,182.0,88.0,94.0,silver
141.49955555555556,165.87804444444444,163.32746666666668,84.36395555555556,41.092,168.70546666666667,158.27613333333332,9.145586388101215,185.0,135.0,50.0,silver
114.63031111111111,127.65791111111112,107.50035555555556,50.8752,43.92373333333334,127.6704,121.46111111111111,10.54879660798061,154.0,96.0,58.0,silver
120.76942222222223,143.9017777777778,143.09751111111112,88.18235555555556,42.910222222222224,144.78591111111112,136.89626666666666,12.818434444883579,182.0,120.0,62.0,silver
145.64666666666668,165.3944888888889,159.72022222222222,81.04733333333334,31.469066666666667,165.3944888888889,158.84982222222223,25.395721030029087,203.0,128.0,75.0,silver
123.62413333333333,138.38133333333334,129.53924444444445,70.29977777777778,29.9544,138.38133333333334,132.9665777777778,12.264856508630011,190.0,106.0,84.0,silver
119.02573333333333,120.54262222222223,90.6312,33.702622222222224,68.93222222222222,122.44866666666667,116.67537777777778,16.397667800688257,186.0,94.0,92.0,silver
102.59515555555556,107.06884444444445,72.54564444444445,34.034222222222226,85.23697777777778,108.5112888888889,101.79635555555555,11.262833472494203,149.0,65.0,84.0,silver
159.85902222222222,163.49075555555555,133.43733333333333,33.47791111111111,48.47328888888889,163.97791111111113,158.96333333333334,16.984794179893182,206.0,133.0,73.0,silver
133.6667111111111,144.7624,115.65911111111112,43.38688888888889,53.31728888888889,144.7624,138.13688888888888,17.229032838299712,184.0,104.0,80.0,silver
146.11537777777778,158.90640000000002,146.03813333333335,60.27448888888889,33.99368888888889,158.91906666666668,153.61586666666668,34.601467493349666,207.0,107.0,100.0,silver
152.35075555555557,164.83093333333335,153.4608,63.45742222222223,33.523244444444444,165.16542222222222,159.79582222222223,37.777920657612164,203.0,88.0,115.0,silver
138.66368888888888,149.04644444444446,131.6509777777778,54.96982222222223,43.16444444444445,149.39724444444445,143.9276888888889,37.82496844373934,203.0,90.0,113.0,silver
152.48831111111113,163.4597777777778,151.54888888888888,58.864533333333334,31.492044444444446,163.78182222222222,158.83546666666666,38.40291244603432,209.0,98.0,111.0,silver
58.456133333333334,61.348844444444445,55.34444444444445,44.38591111111111,25.42942222222222,61.354222222222226,59.757022222222226,8.81381400728775,108.0,45.0,63.0,silver
99.82386666666667,102.25582222222222,91.54764444444444,36.67004444444444,27.020711111111112,102.25893333333333,100.3167111111111,11.176441724791228,132.0,79.0,53.0,silver
202.26857777777778,221.40311111111112,212.2613777777778,75.7544,21.991777777777777,221.40311111111112,214.61173333333332,9.91611954210584,224.0,157.0,67.0,silver
166.38644444444446,177.93595555555555,164.67133333333334,60.184844444444444,26.08048888888889,178.29973333333334,173.03835555555557,33.444526474052225,197.0,90.0,107.0,silver
132.6132,141.7231111111111,118.926,46.099066666666666,47.125733333333336,142.19706666666667,136.3884888888889,29.154554604057797,201.0,93.0,108.0,silver
128.86146666666667,137.09351111111113,111.70364444444445,46.30648888888889,53.568400000000004,137.2312,131.74204444444445,13.470433179466395,166.0,105.0,61.0,silver
156.19644444444444,163.2446666666667,131.1285777777778,37.856,49.63026666666667,163.3368,157.4589777777778,25.150394860155345,189.0,79.0,110.0,silver
151.7636888888889,162.84666666666666,132.0985777777778,42.35573333333333,49.59088888888889,162.8476888888889,156.03164444444445,13.256457494210226,185.0,130.0,55.0,silver
126.14631111111112,138.29826666666668,110.72955555555556,45.147333333333336,53.89337777777778,138.29826666666668,131.5039111111111,16.521450912639768,179.0,103.0,76.0,silver
